Player,Age,total_games,rows
Jeimer Candelario,16,1931,1
Aaron Judge,16,1777,1
Ian Happ,14,1774,1
Ryan McMahon,14,1753,1
Willy Adames,14,1720,1
Matt Chapman,15,1680,1
Hunter Renfroe,15,1632,1
Dansby Swanson,14,1623,1
Cody Bellinger,14,1592,1
Raimel Tapia,16,1590,1
J.P. Crawford,14,1577,1
Dominic Smith,14,1558,1
Manuel Margot,14,1524,1
Shohei Ohtani,14,1501,1
Amed Rosario,14,1486,1
Jorge Alfaro,17,1484,2
Miguel Andujar,15,1417,1
Jorge Mateo,15,1415,1
Jesse Winker,14,1402,1
Kevin Newman,14,1387,1
Carson Kelly,15,1362,1
Albert Almora Jr.,14,1346,1
Scott Kingery,14,1321,1
Tyler O'Neill,14,1306,1
Yoán Moncada,14,1306,1
Luis Robert Jr.,14,1055,1
Danny Jansen,14,1045,1
Christian Arroyo,14,918,1
Carson Kelly,18,183,2
Manuel Margot,21,170,3
Ronny Mauricio,21,169,2
Richard Urena,21,167,3
Ozzie Albies,21,158,1
Michael Harris II,21,157,2
Jackson Merrill,21,156,1
Ronald Acuña Jr.,21,156,1
Clint Frazier,20,155,2
Jackson Chourio,20,155,2
Ryan McMahon,21,154,2
Andy Pages,21,154,2
Raimel Tapia,21,154,2
Junior Caminero,21,154,1
Ozzie Albies,20,154,2
Ezequiel Tovar,21,153,1
Rafael Devers,19,153,2
Isan Díaz,20,152,2
Jackson Holliday,21,149,1
Bobby Bradley,21,149,2
Tyler O'Neill,21,149,2
Leody Taveras,19,148,2
Gabriel Arias,18,148,2
Willie Calhoun,21,146,2
Jordan Walker,21,146,2
Jahmai Jones,21,146,2
Jackson Chourio,21,144,3
Heliot Ramos,18,143,2
Masyn Winn,21,142,2
Willy Adames,20,142,2
Coby Mayo,21,140,1
Amed Rosario,21,140,2
Jordan Walker,20,140,2
Alex Verdugo,20,139,2
Ronald Acuña Jr.,19,139,1
Ryan Clifford,21,139,1
Ozzie Albies,19,138,1
Nick Gordon,20,137,2
Edwin Arroyo,21,137,2
Luis Lara,20,136,1
Josh Lowe,21,136,2
Ethan Salas,18,136,2
Elly De La Cruz,21,136,2
Mickey Moniak,21,136,2
Franklin Barreto,21,136,2
Jake Bauers,20,135,1
Andrés Giménez,20,135,2
Luis Lara,19,135,2
Alex Verdugo,21,135,3
Leody Taveras,18,134,1
Drew Waters,20,134,1
Tyler Soderstrom,20,134,1
Ian Happ,21,134,1
Ronald Acuña Jr.,20,134,2
Moisés Ballesteros,21,134,2
Jorge Mateo,21,133,2
Jackson Holliday,20,133,2
George Valera,21,132,1
Jake Bauers,21,132,1
George Lombard Jr.,20,132,1
Brayan Rocchio,21,132,1
Ryan McMahon,20,132,1
Anthony Volpe,21,132,1
Dominic Smith,20,132,2
Luis Urías,21,132,2
Taylor Trammell,20,132,2
Fernando Tatis Jr.,18,131,1
Jose Miranda,20,131,1
Bobby Bradley,20,131,1
Bo Bichette,20,131,1
Liover Peguero,21,131,3
Jeimer Candelario,19,131,2
Cole Young,21,131,2
Leody Taveras,20,131,1
James Wood,21,131,2
Lazaro Montes,20,131,1
Miguel Andujar,20,130,1
Jett Williams,21,130,1
Miguel Andujar,21,130,1
Willy Adames,21,130,1
Cristian Pache,20,130,1
Dominic Smith,21,130,1
Ryan Clifford,20,130,1
Alex Kirilloff,20,130,1
Colt Emerson,19,130,1
Brady House,21,129,1
Roman Anthony,21,129,2
Brice Turang,19,129,1
James Wood,20,129,1
Austin Riley,20,129,1
Austin Riley,19,129,1
Pedro Ramírez,21,129,1
Taylor Trammell,19,129,1
Kyle Tucker,21,128,2
Austin Hays,21,128,1
Cody Bellinger,19,128,1
Alfredo Duno,19,128,2
Rafael Devers,18,128,2
Jake Bauers,19,128,1
Jackson Chourio,19,128,1
Jeimer Candelario,21,128,1
Francisco Alvarez,21,127,2
Ryan Mountcastle,20,127,1
Brandon Marsh,20,127,1
Nick Pratto,19,127,1
Owen Caissie,21,127,1
Miguel Andujar,19,127,1
Samuel Basallo,19,127,1
Jahmai Jones,19,127,1
Austin Meadows,20,127,1
Richard Urena,20,127,1
Eloy Jiménez,19,127,2
Zyhir Hope,20,127,1
Sam Huff,21,127,1
Royce Lewis,20,127,1
Cole Young,19,126,1
Taylor Trammell,21,126,1
Ryan McMahon,19,126,1
Colt Keith,21,126,1
Carter Jensen,20,126,1
Michael Chavis,21,126,1
Nolan Jones,21,126,1
Gleyber Torres,18,126,1
Dominic Smith,19,126,1
Zac Veen,20,126,1
Dylan Carlson,20,126,1
Sebastian Walcott,19,125,2
Bryson Stott,19,125,2
Joe Mack,21,125,1
Nick Senzel,21,125,2
Franklin Barreto,19,125,2
Albert Almora Jr.,20,125,1
Gleyber Torres,19,125,1
Willy Adames,18,125,1
Cole Young,20,125,2
Orelvis Martinez,21,125,1
Roderick Arias,19,125,2
Jackson Holliday,19,125,1
Nolan Gorman,19,125,1
Jeimer Candelario,20,125,1
Riley Greene,20,124,1
A.J. Ewing,20,124,1
Termarr Johnson,20,124,1
Alex Verdugo,19,124,1
Nick Pratto,20,124,1
Bobby Witt Jr.,21,124,1
Moisés Ballesteros,20,124,1
J.P. Crawford,21,123,1
Kevin Maitan,19,123,1
Keston Hiura,21,123,1
Ian Happ,20,123,2
Jahmai Jones,20,123,1
Edwin Arroyo,19,123,1
Derek Fisher,21,123,1
Jarred Kelenic,21,123,2
Jarren Duran,21,123,2
J.P. Crawford,19,123,1
Owen Caissie,20,123,2
Tyler Freeman,20,123,1
Franklin Barreto,20,123,1
Mickey Moniak,19,123,1
Xavier Edwards,19,123,1
Gabriel Gonzalez,21,123,1
Druw Jones,21,123,1
Jesse Winker,21,123,1
Luis Urías,19,123,1
Carter Kieboom,20,123,1
Luis Robert Jr.,21,122,1
Monte Harrison,21,122,1
Vidal Bruján,20,122,1
Tyler Soderstrom,21,122,2
Cristian Pache,19,122,1
Raimel Tapia,20,122,1
Lewis Brinson,19,122,1
Konnor Griffin,19,122,1
Ralphy Velazquez,20,122,1
Yanquiel Fernández,21,122,1
Nick Gordon,21,122,1
Andrés Giménez,19,122,1
Robert Hassell III,21,121,1
Elly De La Cruz,20,121,1
Sebastian Walcott,18,121,1
Luisangel Acuña,21,121,1
Jett Williams,19,121,1
Jorge Alfaro,21,121,1
Michael Arroyo,19,121,1
Richard Urena,19,121,1
Travis Swaggerty,21,121,1
Spencer Torkelson,21,121,1
Michael Arroyo,20,121,1
Royce Lewis,19,121,1
Owen Caissie,19,121,2
Colton Welker,21,120,2
Arjun Nimmala,19,120,1
Joe Mack,20,120,1
Jeter Downs,19,120,1
Clint Frazier,19,120,1
Amed Rosario,20,120,1
Daulton Varsho,19,120,2
Nolan Jones,20,120,1
Cooper Pratt,20,120,1
Scott Kingery,21,120,2
Kyle Tucker,20,120,1
Andy Pages,20,120,1
Carter Kieboom,21,120,2
Gabriel Arias,19,120,1
Nick Gordon,19,120,1
Jasson Domínguez,19,120,1
Triston Casas,19,120,1
Clint Frazier,21,119,1
Roman Anthony,20,119,1
Masyn Winn,20,119,1
Termarr Johnson,21,119,1
Andrew Benintendi,20,119,2
Nolan Gorman,21,119,1
Pete Alonso,19,119,2
Christian Arroyo,21,119,1
Cam Collier,19,119,1
Jose Miranda,21,119,1
Cristian Pache,18,119,1
Jeter Downs,20,119,1
Vladimir Guerrero Jr.,18,119,1
Leo De Vries,18,118,1
Jasson Domínguez,20,118,1
Sal Stewart,21,118,1
Orelvis Martinez,20,118,1
Sam Huff,20,118,1
Josh Lowe,19,118,1
Junior Caminero,19,117,1
Sal Stewart,19,117,1
Jorge Mateo,20,117,1
Ke'Bryan Hayes,21,117,1
Jarred Kelenic,19,117,1
Cody Bellinger,20,117,1
Brice Turang,21,117,1
Yanquiel Fernández,20,117,1
Lazaro Montes,19,117,1
Moisés Ballesteros,19,117,1
Kyle Tucker,19,117,1
Gavin Lux,20,116,1
Carter Jensen,19,116,1
Franklin Arias,19,116,1
Bryce Eldridge,19,116,1
Ceddanne Rafaela,21,116,1
Gabriel Gonzalez,19,116,1
Adam Haseley,21,116,2
Chance Sisco,21,116,1
Aidan Miller,21,116,1
Ronny Mauricio,18,116,1
Geraldo Perdomo,19,116,1
Harry Ford,21,116,1
Heliot Ramos,21,116,1
Edwin Arroyo,18,116,1
Kevin Newman,21,116,2
Jac Caglianone,21,116,3
Pedro Ramírez,20,116,1
Miguel Amaya,19,116,1
James Triantos,21,115,1
Manuel Margot,19,115,1
Ryan Mountcastle,19,115,1
Gabriel Arias,21,115,1
Jesús Made,18,115,1
Ryan Clifford,19,115,1
Dylan Carlson,18,115,1
Oswald Peraza,21,115,1
Noelvi Marte,20,115,1
Adael Amador,19,115,1
Carson Williams,20,115,1
Anthony Alford,21,115,2
Carson Williams,21,115,1
Luis Campusano,20,114,2
Mickey Moniak,20,114,1
Brendan Rodgers,21,114,1
Yusniel Díaz,20,114,1
Victor Robles,20,114,1
Keibert Ruiz,19,114,2
Alek Thomas,19,114,1
Daulton Varsho,18,114,2
Drew Waters,19,114,1
Colton Welker,20,114,1
Tyler O'Neill,20,114,2
Jackson Merrill,20,114,1
Samuel Basallo,18,114,1
Ronaldo Hernández,21,114,2
Chance Sisco,19,114,1
Nico Hoerner,19,114,2
Eduardo Quintero,19,113,1
Carter Jensen,18,113,1
Gavin Lux,21,113,1
Ronaldo Hernández,20,113,2
Carson Williams,19,113,1
James Triantos,19,113,1
Jorge Alfaro,20,113,1
Miguel Amaya,20,112,2
Jazz Chisholm Jr.,20,112,1
Jake Bauers,18,112,1
Dylan Carlson,19,112,1
Gunnar Henderson,21,112,1
Robert Hassell III,20,112,1
Yanquiel Fernández,19,112,1
Francisco Alvarez,20,112,1
Justin Crawford,21,112,1
Kevin Alcántara,19,112,1
Eduardo Tait,18,112,1
Jonathan India,21,112,2
Jesse Winker,19,112,1
Jazz Chisholm Jr.,21,112,1
Max Clark,20,111,1
Blake Mitchell,19,111,1
Joey Ortiz,20,111,2
MJ Melendez,19,111,1
Fernando Tatis Jr.,19,111,2
Gavin Lux,19,111,1
Carter Jensen,21,111,1
Kevin Alcántara,21,111,1
Cam Collier,18,111,1
Edgar Quero,19,111,1
Luisangel Acuña,19,111,1
Austin Hendrick,21,110,1
Bobby Bradley,19,110,1
Manuel Margot,20,110,1
Isan Díaz,21,110,1
Nick Yorke,21,110,1
George Lombard Jr.,19,110,1
Brendan Rodgers,19,110,1
Angel Genao,20,110,1
MJ Melendez,20,110,1
Justin Crawford,20,110,1
Victor Robles,19,110,1
Pavin Smith,21,110,2
Estevan Florial,19,110,1
Robert Hassell III,19,110,1
Trevor Larnach,21,110,2
Adael Amador,21,110,2
Bo Bichette,19,110,1
Hunter Renfroe,21,109,2
Christian Arroyo,20,109,2
Travis Swaggerty,20,109,2
JJ Bleday,21,109,2
Druw Jones,20,109,1
Michael Chavis,19,109,1
Anthony Volpe,20,109,1
Matt Chapman,21,108,2
Josh Jung,21,108,2
Evan Carter,20,108,1
Carson Kelly,20,108,1
Joey Bart,21,108,2
Nathan Flewelling,18,108,1
Josue De Paula,19,108,1
Wyatt Langford,21,108,2
Eloy Jiménez,21,108,1
Ke'Bryan Hayes,20,108,1
Brayan Rocchio,20,108,1
Ronny Mauricio,20,108,1
Austin Riley,21,108,1
Bo Naylor,19,107,1
Anthony Alford,20,107,1
Samuel Basallo,20,107,2
Harry Ford,19,107,2
Caleb Bonemer,19,107,1
J.P. Crawford,20,107,1
Andrew Vaughn,21,107,2
Max Clark,19,107,1
Noelvi Marte,19,107,1
Miguel Bleis,21,107,1
Pete Crow-Armstrong,21,107,1
Alex Freeland,21,106,1
Dylan Crews,21,106,2
Willy Adames,19,106,1
Evan Carter,19,106,1
Albert Almora Jr.,21,106,1
Roman Anthony,19,106,1
Alek Thomas,21,106,1
Elijah Green,20,106,1
Jefferson Rojas,20,106,1
Yoán Moncada,21,106,1
Bryson Stott,21,106,2
Marco Luciano,19,106,1
Zac Veen,19,106,1
Termarr Johnson,19,105,1
Jordan Lawlar,20,105,1
Gunnar Henderson,20,105,1
Kevin Parada,21,105,1
Josh Lowe,20,105,1
Keston Hiura,18,105,2
Oneil Cruz,18,105,1
Amed Rosario,19,105,1
Pedro Ramírez,19,104,1
Shohei Ohtani,21,104,1
Ezequiel Tovar,19,104,1
Logan O'Hoppe,21,104,1
Felnin Celesten,19,104,1
Michael Busch,19,104,2
Coby Mayo,20,104,1
Daulton Varsho,20,104,2
Curtis Mead,20,104,1
Roderick Arias,20,104,1
Oneil Cruz,19,103,1
Austin Wells,21,103,1
Luke Keaschall,21,103,1
Bobby Dalbec,21,102,2
Xavier Isaac,20,102,1
Xavier Isaac,19,102,1
Bryce Eldridge,20,102,1
Kevin Alcántara,20,102,1
Ceddanne Rafaela,20,102,1
Josue De Paula,20,102,1
Drew Romo,20,102,1
Ryan Mountcastle,21,102,1
Aidan Miller,20,102,1
Bradley Zimmer,21,102,2
Heliot Ramos,19,102,1
Ralphy Velazquez,19,101,1
Edgar Quero,20,101,1
Zack Collins,21,101,2
Michael Harris II,20,101,1
Keibert Ruiz,18,101,1
Tre' Morgan,21,101,1
Pete Crow-Armstrong,20,101,1
Brandon Marsh,21,101,1
Luke Keaschall,19,101,2
Jordan Lawlar,19,100,1
Brennen Davis,21,100,1
Lewis Brinson,21,100,1
Adam Haseley,20,100,2
Thayron Liranzo,20,100,1
Josue Briceño,20,100,1
Matt Shaw,21,100,2
Jackson Chourio,18,99,1
Vidal Bruján,21,99,1
Nick Yorke,20,99,2
Emmanuel Rodriguez,20,99,1
Jo Adell,19,99,1
Francisco Alvarez,19,99,1
Austin Wells,19,98,2
Keston Hiura,20,98,2
Edgar Quero,21,98,1
Austin Hays,19,98,2
Kyle Manzardo,18,98,2
Nico Hoerner,20,98,2
Shea Langeliers,21,98,2
Orelvis Martinez,19,98,1
Ozzie Albies,18,98,1
Jaison Chourio,19,98,1
Cam Smith,21,98,2
Endy Rodríguez,21,98,1
Carson Kelly,19,98,1
Masyn Winn,19,98,1
Oscar Colás,20,97,1
Jarren Duran,19,97,2
Nick Yorke,19,97,1
Yusniel Díaz,21,97,1
Pavin Smith,20,97,2
Nick Gonzales,20,97,2
Alec Bohm,21,97,2
Christian Moore,21,97,2
Alec Bohm,20,97,2
Andrew Benintendi,21,97,1
Matt Shaw,20,96,2
Joey Wiemer,20,96,2
Kahlil Watson,21,96,1
Cooper Pratt,19,96,1
Cooper Ingle,20,96,2
Colson Montgomery,20,96,1
Jefferson Rojas,19,96,1
Carson Kelly,21,96,1
Luis Peña,18,96,1
Cam Collier,20,96,1
Thayron Liranzo,19,96,2
Cam Smith,20,95,2
Ian Happ,18,95,2
Drake Baldwin,20,95,2
Jeferson Quero,19,95,1
Kevin Newman,19,95,2
Drew Romo,21,95,1
Vladimir Guerrero Jr.,19,95,1
Chance Sisco,20,95,1
Diego Cartaya,20,95,1
Joey Ortiz,18,95,2
Matt McLain,19,95,2
Miguel Bleis,20,95,1
Adley Rutschman,21,94,2
Joey Ortiz,19,94,2
Jordan Beck,20,94,2
Ian Happ,19,94,2
Dalton Rushing,21,94,2
Luke Keaschall,18,94,3
Nolan Schanuel,20,94,2
Travis Bazzana,20,94,2
Alex Kirilloff,21,94,1
Diego Cartaya,21,93,1
Justin Gonzales,18,93,1
Leo De Vries,17,93,2
Dansby Swanson,21,93,2
Kyle Manzardo,21,93,1
Corbin Carroll,21,93,1
Aiva Arquette,21,92,2
Brayden Taylor,21,92,2
Jordan Beck,21,92,2
Austin Hays,20,92,2
Jorge Alfaro,19,92,2
Noelvi Marte,21,92,1
Jarren Duran,20,92,2
Andrés Giménez,18,92,1
Marcelo Mayer,19,91,1
Derek Fisher,19,91,2
Brett Baty,21,91,1
Kyle Teel,21,91,2
Jace Jung,21,91,2
Arjun Nimmala,18,91,1
Michael Busch,20,91,2
Luisangel Acuña,20,91,1
Jordan Westburg,20,91,2
Joshua Báez,20,91,1
Nick Senzel,20,90,2
A.J. Ewing,19,90,1
Jeferson Quero,20,90,1
Zach Neto,21,90,2
CJ Abrams,21,90,1
Jacob Berry,21,90,2
Liover Peguero,20,90,1
Yordan Alvarez,20,90,1
Aaron Judge,20,90,2
Jhonny Level,18,89,1
Eloy Jiménez,20,89,1
Shea Langeliers,19,89,2
Brooks Lee,21,89,2
Hunter Bishop,21,89,2
Brendan Rodgers,20,89,1
Lewis Brinson,20,89,1
Emil Morales,18,89,1
Christian Arroyo,19,89,1
Brady House,20,88,1
Pete Alonso,21,88,2
Thayron Liranzo,21,88,1
Hunter Bishop,20,88,2
Yordan Alvarez,21,88,1
Kahlil Watson,19,88,1
Kevin McGonigle,20,88,1
Travis Bazzana,21,87,2
Shohei Ohtani,19,87,1
Colton Cowser,21,87,2
Franklin Arias,18,87,1
Jaison Chourio,20,87,1
Bo Naylor,21,87,1
Scott Kingery,20,87,2
Kaelen Culpepper,21,87,2
Austin Meadows,21,87,1
Nate George,19,87,1
Alex Ramírez,21,87,2
Luis Lara,18,87,1
Trevor Larnach,20,87,2
Justin Crawford,19,87,1
Shohei Ohtani,18,86,1
Joshua Báez,21,86,1
Triston Casas,21,86,1
Fernando Tatis Jr.,20,86,2
Kevin Newman,20,86,2
George Valera,20,86,1
Gavin Cross,21,86,2
Ike Irish,19,86,2
Derek Fisher,20,86,2
Bobby Dalbec,19,86,2
Hunter Bishop,19,86,2
Rafael Devers,20,86,1
Luke Keaschall,20,86,2
Keibert Ruiz,20,85,1
Yusniel Díaz,19,85,1
Angel Genao,21,85,1
Tommy Troy,21,85,2
Nick Madrigal,21,85,2
Geraldo Perdomo,21,85,1
Charlie Condon,21,85,2
Tommy Troy,20,85,2
Alex Freeland,19,84,2
Drake Baldwin,21,84,2
Brayden Taylor,19,84,2
Roldy Brito,18,84,1
Jonathan India,19,84,2
Walker Jenkins,20,84,1
Estevan Florial,20,84,1
Rainiel Rodriguez,18,84,1
Sal Frelick,21,83,2
Elijah Green,19,83,1
J.P. Martínez,18,83,1
Eduardo Quintero,18,83,1
Daulton Varsho,21,83,1
Kahlil Watson,20,83,1
Edward Florentino,18,83,1
Matt Shaw,19,83,3
James Triantos,20,83,1
Tre' Morgan,20,83,2
Bobby Dalbec,20,82,2
Albert Almora Jr.,19,82,2
Jordan Walker,19,82,1
Walker Jenkins,19,82,1
Gabriel Moreno,19,82,1
Elijah Green,21,82,1
Adley Rutschman,19,81,2
Nolan Schanuel,21,81,2
Ike Irish,20,81,2
Xavier Edwards,21,81,1
Yoán Moncada,20,81,1
Willie Calhoun,19,81,2
Michael Chavis,20,81,1
Tyler Black,21,81,2
Gabriel Gonzalez,20,81,1
Spencer Torkelson,18,80,2
Eduardo Tait,17,80,1
Braden Montgomery,19,80,2
Monte Harrison,20,80,1
Sal Stewart,20,80,1
Kaelen Culpepper,19,80,2
Drew Romo,19,79,1
Curtis Mead,18,79,2
Cooper Ingle,21,79,2
Nolan Schanuel,19,79,2
J.P. Martínez,19,79,1
Starlyn Caba,18,79,1
Jonathan India,20,78,2
Alec Burleson,19,78,2
Matt McLain,21,78,2
Garrett Mitchell,19,78,2
Braden Montgomery,20,78,2
Tommy Troy,19,78,2
Marcelo Mayer,20,78,1
Charles Davalan,20,77,2
Aiva Arquette,20,77,2
Ryan Waldschmidt,19,77,2
Marcelo Mayer,21,77,1
Curtis Mead,21,76,1
Nick Senzel,19,76,2
Jo Adell,20,76,1
Alex Freeland,20,76,3
Julio Rodríguez,21,76,1
Brooks Lee,20,76,2
Wander Franco,20,76,1
James Wood,19,76,1
JJ Bleday,19,75,2
Josh Bell,21,75,1
Ike Irish,21,75,2
Amed Rosario,18,75,1
Jordan Groshans,21,75,1
Jacob Wilson,21,75,2
Justin Foscue,19,75,2
JJ Bleday,20,75,2
Michael Busch,21,75,2
Wyatt Langford,20,75,2
Oscar Colás,19,75,1
Monte Harrison,19,74,1
Bradley Zimmer,20,74,2
Kevin McGonigle,19,74,1
Jesse Winker,20,74,1
Estevan Florial,21,74,1
Jacob Wilson,19,74,2
Marco Luciano,21,74,1
Josue De Paula,18,74,1
Randy Arozarena,19,74,1
Tyler Black,20,74,2
Logan O'Hoppe,19,73,2
Oneil Cruz,20,73,1
Kevin Parada,20,73,2
Leody Taveras,17,73,1
Ryan Waldschmidt,21,73,2
Joey Bart,19,73,2
Ezequiel Tovar,17,73,1
Willie Calhoun,20,73,1
Franklin Barreto,18,73,1
Charles Davalan,21,73,2
Christian Moore,19,73,2
Theo Gillen,19,73,1
Jeimer Candelario,17,72,1
Dansby Swanson,20,72,1
Alec Burleson,20,72,2
Tyler Freeman,19,72,1
Angel Genao,19,72,1
Shohei Ohtani,20,71,1
Nico Hoerner,21,71,2
Bryson Stott,20,71,2
Jefferson Rojas,18,71,1
Richard Urena,17,71,1
Jeimer Candelario,18,71,1
Ezequiel Tovar,20,71,1
Jac Caglianone,20,71,1
Rafael Devers,17,70,1
Luis Campusano,19,70,1
Vladimir Guerrero Jr.,21,70,2
Colt Emerson,18,70,1
Brayden Taylor,20,70,2
Alex Ramírez,20,70,2
Lazaro Montes,18,70,1
Starlyn Caba,19,69,2
Luis Robert Jr.,17,69,1
Luis Robert Jr.,18,69,2
Kristian Robinson,18,69,1
Heston Kjerstad,19,69,1
Jacob Wilson,20,69,2
Drew Gilbert,21,69,2
Brayan Rocchio,18,69,1
Zack Collins,20,69,2
Adael Amador,20,69,1
Adam Haseley,19,68,1
Drew Gilbert,20,68,1
Isan Díaz,19,68,1
Manuel Margot,17,68,1
Pavin Smith,19,68,1
Andrew Vaughn,20,68,2
Kyle Teel,19,68,2
Wander Franco,17,68,1
Kristian Campbell,21,67,2
Adley Rutschman,20,67,1
Raimel Tapia,17,67,1
Evan White,21,67,2
Ke'Bryan Hayes,19,67,1
Gabriel Gonzalez,18,67,1
Charlie Condon,20,67,2
Colt Keith,20,67,2
Estevan Florial,18,67,1
Justin Foscue,20,67,1
Vidal Bruján,19,67,1
Colton Welker,19,67,1
JJ Wetherholt,19,66,2
Ezequiel Duran,20,66,1
Dylan Crews,19,66,2
Kyle Teel,20,66,2
Nick Kurtz,21,66,2
Jazz Chisholm Jr.,18,66,2
Ethan Salas,17,66,1
Mike Sirota,19,66,3
Raimel Tapia,19,66,1
Colt Keith,19,65,1
Yusniel Díaz,17,65,1
Pete Alonso,20,65,2
Marco Luciano,20,65,1
Oswald Peraza,19,65,1
Heston Kjerstad,20,65,1
Josue Briceño,19,65,2
Josh Jung,20,65,1
JJ Wetherholt,21,65,2
Noelvi Marte,17,65,1
Colton Cowser,19,65,2
Jorge Mateo,18,64,1
Jahmai Jones,18,64,1
Jace Jung,20,64,2
Colson Montgomery,21,64,1
Nolan Gorman,18,63,1
Ryan Waldschmidt,20,63,2
Travis Bazzana,19,63,1
Jordan Westburg,19,63,2
Austin Hendrick,20,63,1
Junior Caminero,18,63,1
Kyle Tucker,18,63,1
Christian Moore,20,63,1
Geraldo Perdomo,17,63,1
Andy Pages,18,63,1
Mike Sirota,20,63,2
Moisés Ballesteros,18,63,1
Raimel Tapia,18,63,1
JJ Wetherholt,20,63,2
Kevin Maitan,18,63,1
Tre' Morgan,18,63,1
Jacob Berry,20,63,1
Vladimir Guerrero Jr.,17,62,1
Richard Urena,18,62,1
Andrés Giménez,17,62,1
Spencer Torkelson,19,62,2
Zyhir Hope,19,62,1
Nolan Jones,19,62,1
Garrett Mitchell,20,62,1
Josh Jung,19,62,1
Jesse Winker,18,62,1
Dylan Crews,20,62,1
Tre' Morgan,19,62,1
Dalton Rushing,20,62,2
Ronald Acuña Jr.,18,62,2
Hunter Renfroe,20,61,1
Braden Montgomery,21,61,1
Charlie Condon,19,61,1
Zach Neto,20,61,3
Taylor Trammell,18,61,1
Kevin Parada,19,61,2
Elly De La Cruz,19,61,1
Luis Urías,18,61,1
J.P. Martínez,20,61,1
Zack Collins,19,61,1
Victor Robles,18,61,1
Michael Arroyo,18,61,1
Carter Kieboom,19,61,1
Tyler O'Neill,19,61,1
Andrew Benintendi,19,61,1
Liover Peguero,18,60,1
Travis Swaggerty,19,60,2
Austin Riley,18,60,1
Kyle Manzardo,20,60,2
Luis Matos,17,60,1
Blake Mitchell,20,60,1
Willy Adames,17,60,1
Bo Bichette,21,60,1
Nick Gonzales,19,60,2
Kyle Lewis,21,60,2
Chase DeLauter,19,60,2
Vidal Bruján,17,60,1
Brayan Rocchio,17,60,1
Andrew Vaughn,19,60,2
Nick Madrigal,20,60,1
Franklin Barreto,17,59,1
Travis Swaggerty,18,59,1
Fernando Tatis Jr.,21,59,1
Junior Caminero,20,59,1
Ryan McMahon,18,59,1
Oswald Peraza,17,58,1
Shea Langeliers,20,58,1
Amed Rosario,17,58,1
Henry Davis,21,58,2
Miguel Amaya,17,58,1
Luis Lara,17,58,1
Jasson Domínguez,21,58,1
Miguel Amaya,18,58,1
Austin Martin,21,58,2
Kristian Campbell,20,58,1
Gavin Cross,20,58,2
Ozzie Albies,17,57,1
Kristian Robinson,17,57,1
Chase DeLauter,21,57,1
Bradley Zimmer,19,57,1
Eloy Jiménez,18,57,1
Danny Jansen,21,57,1
Jackson Chourio,17,57,2
Isan Díaz,18,57,2
J.P. Martínez,21,57,1
Estevan Florial,17,57,1
Nick Gordon,18,57,1
Kaelen Culpepper,20,57,2
Geraldo Perdomo,18,57,1
Jasson Domínguez,18,57,1
Riley Greene,18,57,1
Cristian Pache,17,57,1
Wander Franco,18,57,1
Ronny Mauricio,17,57,1
Tyler Soderstrom,19,57,1
Jarred Kelenic,18,56,1
Derek Fisher,18,56,1
Ke'Bryan Hayes,18,56,1
Carson Kelly,17,56,1
Keibert Ruiz,17,56,1
Wander Franco,21,56,1
Alek Thomas,18,56,1
Aaron Judge,21,56,1
Nick Kurtz,20,56,1
Gavin Lux,18,56,1
Randy Arozarena,21,56,1
Lazaro Montes,17,56,1
Yoán Moncada,17,56,1
Zac Veen,21,55,2
Ronald Acuña Jr.,17,55,1
Matt Chapman,20,55,1
Alex Kirilloff,18,55,1
Fernando Tatis Jr.,17,55,1
Jackson Merrill,19,55,1
Gleyber Torres,20,55,1
Oneil Cruz,17,55,1
Aaron Judge,19,55,1
Jose Miranda,18,55,1
Josue Briceño,18,55,1
Gabriel Gonzalez,17,54,1
Ronaldo Hernández,19,54,1
Yanquiel Fernández,18,54,1
Alex Verdugo,18,54,1
Jose Miranda,19,54,1
Lewis Brinson,18,54,1
Evan White,20,54,1
Roldy Brito,17,54,1
Ceddanne Rafaela,17,54,1
Josh Lowe,18,54,1
Ronaldo Hernández,18,54,1
Josue De Paula,17,54,1
Luis Robert Jr.,16,54,1
Royce Lewis,18,54,1
Nick Kurtz,19,54,1
Owen Caissie,18,54,1
Danny Jansen,20,53,1
Coby Mayo,19,53,1
J.P. Crawford,18,53,1
Keston Hiura,19,53,1
Ezequiel Duran,19,53,1
Pedro Ramírez,18,53,1
Michael Harris II,18,53,1
Matt Chapman,19,53,1
Gabriel Arias,17,53,1
Ryan Mountcastle,18,53,1
Tyler Black,18,52,1
Nick Pratto,18,52,1
Victor Robles,21,52,1
Joey Bart,20,52,2
Josuar Gonzalez,17,52,1
Evan White,19,52,1
George Valera,18,52,1
Trevor Larnach,19,52,2
Jonny Farmelo,20,52,2
Andy Pages,17,52,1
Cody Bellinger,18,51,1
Alec Bohm,19,51,1
Luisangel Acuña,17,51,1
Vidal Bruján,18,51,1
Colton Welker,18,51,1
Mike Sirota,21,51,1
Dominic Smith,18,51,1
Jaison Chourio,17,51,2
Jesús Made,17,51,1
Brett Baty,19,51,1
Gleyber Torres,17,50,1
Michael Arroyo,17,50,1
Luis Robert Jr.,20,50,1
Dylan Carlson,17,50,1
Monte Harrison,18,50,1
Miguel Andujar,17,50,1
Jeter Downs,18,50,1
Drew Waters,18,50,1
Henry Davis,19,50,2
Pedro Ramírez,17,50,1
Brennen Davis,19,50,1
Nick Madrigal,19,49,1
Andrés Giménez,21,49,1
Edward Florentino,17,49,1
Diego Cartaya,17,49,1
Sam Huff,19,49,1
Manuel Margot,18,49,1
Eduardo Quintero,17,49,1
Kyle Manzardo,19,49,2
Jo Adell,18,49,1
Jhonny Level,17,49,1
Sebastian Walcott,17,48,1
Ronny Cruz,18,48,1
Moisés Ballesteros,17,48,1
Kevin Alvarez,17,48,1
Jaison Chourio,18,48,1
Justin Gonzales,17,48,1
Austin Meadows,18,48,1
Julio Rodríguez,20,48,1
Jordan Groshans,18,48,1
Victor Robles,17,47,1
MJ Melendez,18,47,1
Cody Bellinger,17,47,1
Adael Amador,18,47,1
Marco Luciano,17,47,1
Emmanuel Rodriguez,21,47,1
Emmanuel Rodriguez,19,47,1
Jake Bauers,17,47,1
Angel Genao,17,46,1
Emil Morales,17,46,1
Josh Bell,20,46,1
Jonny Farmelo,19,46,1
Angel Genao,18,46,1
Konnor Griffin,20,46,2
Mickey Moniak,18,46,1
Travis Bazzana,18,45,1
Jefferson Rojas,17,45,1
Joey Wiemer,19,45,1
Alfredo Duno,17,45,1
Austin Meadows,19,45,1
Yoán Moncada,18,45,1
Josue Briceño,17,45,1
Evan Carter,21,45,1
Luis Urías,17,45,1
Kevin McGonigle,21,45,1
Christian Arroyo,18,45,1
Brady House,19,45,1
Jorge Alfaro,18,45,1
Xavier Edwards,18,45,1
Clint Frazier,18,44,1
Ceddanne Rafaela,18,44,1
Joe Mack,19,44,1
Nick Madrigal,18,44,1
Eduardo Tait,16,44,1
Keibert Ruiz,16,44,1
Luis Peña,17,44,1
Samuel Basallo,17,43,1
Zach Neto,19,43,2
Junior Caminero,17,43,1
Edwin Arroyo,17,43,2
Elly De La Cruz,17,43,1
Luis Lara,21,43,1
CJ Abrams,20,42,1
Kevin Maitan,17,42,1
Corbin Carroll,18,42,1
Eloy Jiménez,17,42,1
Rainiel Rodriguez,17,42,1
Francisco Alvarez,17,42,1
Brice Turang,18,42,1
Xavier Isaac,21,41,1
Scott Kingery,19,41,1
Thayron Liranzo,18,41,1
Druw Jones,19,41,1
Liover Peguero,17,41,1
Samuel Basallo,16,41,1
Kevin Alcántara,16,41,1
Miguel Bleis,18,40,1
Julio Rodríguez,19,40,1
Curtis Mead,17,40,2
Kaelen Culpepper,18,40,1
Michael Arroyo,21,40,2
J.P. Martínez,16,40,1
Orelvis Martinez,17,40,1
Jahmai Jones,17,40,1
Gabriel Moreno,18,40,1
Yordan Alvarez,17,40,1
Austin Hays,18,39,1
Francisco Mejía,21,39,1
Colt Emerson,20,39,2
Max Clark,21,39,1
Sal Frelick,20,39,2
Edgar Quero,18,39,1
Cam Collier,21,39,1
Michael Chavis,18,39,1
Joey Wiemer,21,39,2
Sal Frelick,19,39,1
Bobby Bradley,18,39,1
Aiva Arquette,18,39,1
Brandon Marsh,19,39,1
Wander Franco,19,38,1
Lazaro Montes,21,38,1
Wyatt Langford,19,38,2
Jo Adell,21,38,1
Brooks Lee,19,38,2
Caleb Bonemer,20,38,1
Leo De Vries,19,38,1
Danny Jansen,19,38,1
Starlyn Caba,17,38,1
Bryce Eldridge,21,38,2
Luis Hernández,17,38,1
Samuel Basallo,21,37,1
Zyhir Hope,21,37,1
Bobby Witt Jr.,19,37,1
Jesús Made,19,37,1
Kevin Maitan,21,37,1
Franklin Arias,17,37,1
Gabriel Moreno,21,37,1
Cristian Hernández,21,37,2
Emmanuel Rodriguez,18,37,1
Luis Campusano,18,37,1
Josue De Paula,21,37,1
Brooks Lee,18,37,1
Brendan Rodgers,18,37,1
Jonny Farmelo,21,36,1
Ronny Cruz,19,36,1
Emil Morales,19,36,1
Josh Hammond,19,36,1
JJ Wetherholt,18,36,1
George Lombard Jr.,21,36,1
Luis Matos,18,36,1
Miguel Bleis,17,36,1
Tyler Freeman,18,36,1
Eli Willits,18,36,1
Oswald Peraza,18,36,1
Cooper Pratt,21,36,1
Danny Jansen,18,36,1
Carter Kieboom,18,36,1
Ralphy Velazquez,21,36,1
Felnin Celesten,20,35,1
Roldy Brito,19,35,1
Eduardo Tait,19,35,1
Luis Matos,19,35,1
Sal Frelick,18,35,1
Arjun Nimmala,20,35,1
Ezequiel Tovar,16,35,1
Heliot Ramos,17,35,1
Bryce Rainer,19,35,1
Endy Rodríguez,18,35,1
Dylan Carlson,21,35,1
Yordan Alvarez,16,34,1
Logan O'Hoppe,18,34,1
CJ Abrams,18,34,1
J.P. Martínez,17,34,1
Anthony Volpe,18,34,1
Billy Carlson,19,34,1
Miguel Andujar,18,34,1
Blake Mitchell,21,34,1
Kevin Alcántara,18,34,1
Jett Williams,20,33,1
Chance Sisco,18,33,1
JoJo Parker,19,33,1
Bo Naylor,18,33,1
Ethan Salas,20,33,1
Rainiel Rodriguez,19,33,1
Leody Taveras,21,33,1
Roderick Arias,21,33,1
Nathan Flewelling,19,33,1
Albert Almora Jr.,18,33,1
Gabriel Moreno,17,32,1
Jhonny Level,19,32,1
Nolan Jones,18,32,1
Felnin Celesten,18,32,1
Alfredo Duno,20,32,1
Joshua Báez,19,32,1
Alfredo Duno,18,32,1
Evan Carter,18,32,1
Justin Gonzales,19,32,1
Roderick Arias,17,32,1
Ethan Holliday,19,31,1
Miguel Bleis,19,31,1
Eduardo Quintero,20,31,1
Jackson Merrill,18,31,1
Bryce Rainer,20,31,1
Franklin Arias,20,31,1
Diego Cartaya,19,31,1
Kyle Teel,18,31,1
Endy Rodríguez,19,31,1
Bryce Eldridge,18,31,1
A.J. Ewing,21,30,1
Theo Gillen,20,30,1
Greg Jones,20,30,1
Starlyn Caba,20,30,1
Xavier Neyens,19,30,1
Kevin Alvarez,18,29,1
Jefferson Rojas,21,29,1
Gunnar Henderson,18,29,1
Jazz Chisholm Jr.,19,29,1
Corey Ray,21,28,2
Jac Caglianone,19,28,1
Luis Robert Jr.,19,28,1
Tyler O'Neill,18,28,1
Jordan Westburg,18,28,1
Sam Huff,18,28,1
Kayson Cunningham,20,28,1
Greg Jones,21,27,1
Roderick Arias,18,27,1
James Triantos,18,26,2
Jaison Chourio,21,26,1
Greg Jones,19,26,1
Marcelo Mayer,18,26,1
James Wood,18,26,1
Walker Jenkins,18,26,1
Colson Montgomery,19,26,1
Drake Baldwin,19,26,2
Bo Bichette,18,25,2
Ryan Clifford,18,25,1
Walker Jenkins,21,25,1
Colt Emerson,17,24,1
Chase DeLauter,20,24,1
Miguel Vargas,19,24,1
Oscar Colás,17,23,1
Jeferson Quero,18,23,1
Joshua Báez,18,23,1
Nolan Schanuel,18,23,1
Matt McLain,18,23,1
Max Clark,18,23,1
Termarr Johnson,18,23,1
Jordan Groshans,19,23,1
Alex Freeland,18,23,1
Jordan Lawlar,21,23,1
Gavin Cross,19,22,2
Curtis Mead,19,22,1
Kevin McGonigle,18,21,1
Thayron Liranzo,17,21,1
Edward Florentino,19,21,1
Tommy Troy,18,21,1
Nate George,20,20,1
Nathan Flewelling,17,20,1
Roman Anthony,18,20,1
Aidan Miller,19,20,1
Curtis Mead,16,20,1
Hunter Renfroe,19,20,1
Cristian Hernández,20,20,1
Luis Urías,20,20,1
Jackson Holliday,18,20,1
Carter Jensen,17,19,1
Dax Kilby,18,19,1
Jace Jung,19,19,1
Harry Ford,18,19,1
Randy Arozarena,18,19,1
Joe Mack,18,19,1
Cody Bellinger,21,19,1
Ethan Holliday,18,18,1
Brennen Davis,18,18,1
Victor Mesa,18,18,1
Gabriel Moreno,20,18,1
Cam Collier,17,18,2
Victor Mesa,19,18,1
Edwin Arroyo,20,18,1
Cole Young,18,17,1
Riley Greene,21,17,1
Dylan Crews,18,17,1
Jesús Sánchez,20,17,1
Luis Robert Jr.,15,17,1
Spencer Torkelson,20,17,1
Alec Burleson,21,17,1
Gleyber Torres,21,17,1
Brady House,18,16,1
Yordan Alvarez,19,16,1
Cooper Ingle,19,16,2
Chase DeLauter,18,16,1
Nick Gonzales,21,16,1
Kyle Lewis,19,16,1
Francisco Mejía,20,16,1
Jordan Westburg,21,16,1
Jesús Sánchez,19,16,1
Jordan Beck,19,16,1
Heston Kjerstad,21,16,1
Justin Crawford,18,16,1
Justin Foscue,21,16,1
Jorge Mateo,19,15,1
Ezequiel Duran,18,15,1
Garrett Mitchell,21,15,1
Drew Gilbert,19,15,1
Aiva Arquette,19,15,1
Austin Wells,20,15,1
Eli Willits,17,15,1
Jorge Mateo,17,14,1
Anthony Alford,19,14,1
Oneil Cruz,21,14,1
Sean Murphy,21,14,1
Colton Cowser,20,14,1
Henry Davis,20,14,1
Victor Mesa,20,14,1
George Lombard Jr.,18,13,1
Corey Ray,20,13,1
Blake Rutherford,21,13,2
Blake Mitchell,18,13,1
Ronaldo Hernández,17,13,1
Luis García Jr.,17,13,1
Tyler Black,19,13,1
Cristian Hernández,17,13,1
Vladimir Guerrero Jr.,20,13,1
Matt McLain,20,13,1
Elijah Green,18,12,1
Keibert Ruiz,21,12,2
Cooper Pratt,18,12,1
Alex Ramírez,19,12,1
Luis Peña,19,12,1
Corey Ray,19,12,1
Carson Williams,18,11,1
Victor Mesa,17,11,1
Tyler Stephenson,20,11,2
Dansby Swanson,19,11,1
Cristian Pache,21,11,2
Delvin Pérez,21,11,1
Kayson Cunningham,19,11,1
Harry Ford,20,11,1
Matt Shaw,18,11,1
Zyhir Hope,18,11,1
Adley Rutschman,18,10,1
Luis García Jr.,18,10,1
Ethan Salas,19,10,1
Miguel Amaya,21,10,1
Jett Williams,18,10,1
Dalton Rushing,19,10,1
Steele Hall,18,10,1
Travis Bazzana,17,9,1
Kahlil Watson,18,9,1
Arjun Nimmala,17,9,1
Kevin Maitan,20,9,1
Theo Gillen,18,8,1
Miguel Vargas,20,8,1
Juan Soto,17,8,1
Josuar Gonzalez,18,8,1
Sal Stewart,18,8,1
A.J. Ewing,18,7,1
Corbin Carroll,20,7,1
Rafael Devers,21,7,1
Blake Rutherford,20,7,1
Travis Bazzana,16,7,1
Pete Crow-Armstrong,19,6,1
Oswald Peraza,20,6,1
Anthony Alford,18,6,1
George Valera,17,6,1
Ralphy Velazquez,18,6,1
Anthony Alford,17,5,1
Xavier Isaac,18,5,1
Garrett Mitchell,18,4,1
Tyler Stephenson,19,4,1
Travis Bazzana,15,3,1
Jordan Lawlar,18,2,1
Nathan Flewelling,16,2,1
Oscar Colás,18,2,1
Triston Casas,18,2,1
Jeferson Quero,21,1,1
Luis Campusano,21,1,1
Ronny Mauricio,19,1,1
Ethan Salas,16,1,1
